id,chain,name,lat,lng,osm_id,open_time,close_time,is_24h,has_drive_thru,base_wait_minutes,exists_on_google_maps,checked_date,label_status
jb-cabanatuan-sumacab,jollibee,Jollibee Cabanatuan (Sumacab Sur),15.4522,120.9467,relation/14248757,,,true,false,6,true,2026-10-09,verified
jb-circumferential,jollibee,Jollibee Maharlika cor Circumferential Rd,15.4704,120.9557,way/116546128,,,true,false,6,true,2026-10-09,verified
jb-del-pilar,jollibee,Jollibee Maharlika cor Del Pilar Ave,15.4931,120.9754,node/1313121668,,,true,true,6,true,2026-10-09,verified
jb-megacenter,jollibee,Jollibee Megacenter Mall (Gen. Tinio),15.4875,120.9683,node/1324407108,10:00,21:00,false,false,6,true,2026-10-09,verified
jb-waltermart,jollibee,Jollibee WalterMart Cabanatuan,15.4862,120.9719,node/4451388490,07:00,22:00,false,false,6,true,2026-10-09,verified
jb-sm-cabanatuan,jollibee,Jollibee SM City Cabanatuan (Upper GF),15.4661,120.9540,,08:00,21:00,false,false,6,true,2026-10-09,verified
jb-ne-pacific,jollibee,Jollibee NE Pacific Mall,15.4609,120.9481,node/1313612646,,,false,false,6,true,2026-10-09,needs review
jb-sanciangco,jollibee,Jollibee Sanciangco St area (OSM only),15.4876,120.9622,way/118045336,,,false,false,6,false,2026-10-09,needs review
jb-talavera,jollibee,Jollibee (Talavera; outside city bounds),15.5731,120.9207,node/13362959948,,,false,true,6,true,2026-10-09,needs review
jb-sta-rosa,jollibee,Jollibee (Santa Rosa; outside city bounds),15.4233,120.9387,node/9802136755,,,false,false,6,true,2026-10-09,needs review
jb-sta-rosa-2,jollibee,Jollibee (Santa Rosa; outside city bounds),15.4242,120.9381,way/654945547,,,false,false,6,true,2026-10-09,needs review
mc-burgos,mcdonalds,McDonald's Cabanatuan Burgos,15.4924,120.9754,way/1066218103,05:00,00:00,false,false,5,true,2026-10-09,verified
mc-zulueta,mcdonalds,McDonald's Daang Maharlika cor Zulueta St,15.4831,120.9638,way/117590329,,,true,false,5,true,2026-10-09,verified
mc-maharlika,mcdonalds,McDonald's Maharlika Hwy Cabanatuan,15.4632,120.9523,,,,true,true,5,true,2026-10-09,verified
mc-emilio-vergara,mcdonalds,McDonald's Emilio Vergara Hwy (Sta. Arcadia),15.4701,120.9807,node/13619277663,,,true,true,5,true,2026-10-09,verified
mc-asian-highway,mcdonalds,McDonald's Asian Highway Cabanatuan,15.4497,120.9461,,,,true,false,5,true,2026-10-09,verified
mc-mayapyap,mcdonalds,McDonald's Mayapyap Sur,15.5181,120.9535,way/1457060400,,,true,true,5,true,2026-10-09,verified
mc-ne-pacific,mcdonalds,McDonald's NE Pacific Mall food court,15.4605,120.9488,,,,false,false,5,true,2026-10-09,needs review
mc-talavera,mcdonalds,McDonald's (Talavera; outside city bounds),15.5864,120.9195,node/10146452518,,,false,false,5,true,2026-10-09,needs review
mi-sm-cabanatuan,mang-inasal,Mang Inasal SM City Cabanatuan,,,,,,false,false,7,true,2026-10-09,needs review
mi-sm-megacenter,mang-inasal,Mang Inasal SM Megacenter (Melencio St Ext),,,,,,false,false,7,true,2026-10-09,needs review
mi-waltermart,mang-inasal,Mang Inasal WalterMart Cabanatuan,,,,,,false,false,7,true,2026-10-09,needs review
mi-talavera,mang-inasal,Mang Inasal (Talavera; outside city bounds),15.5601,120.9255,node/6463313285,,,false,false,7,true,2026-10-09,needs review
mi-sta-rosa,mang-inasal,Mang Inasal (Santa Rosa; outside city bounds),15.4234,120.9389,node/9802136751,,,false,false,7,true,2026-10-09,needs review
ck-cabanatuan-highway,chowking,Chowking Cabanatuan Highway (H. Concepcion),,,way/837043247,,,false,true,7,true,2026-10-09,needs review
ck-ne-pacific,chowking,Chowking NE Pacific Mall,15.4595,120.9501,node/1313612617,,,false,false,7,true,2026-10-09,needs review
ck-sta-rosa,chowking,Chowking (Santa Rosa; outside city bounds),15.4233,120.9388,node/9802136754,,,false,false,7,true,2026-10-09,needs review
ck-talavera,chowking,Chowking (Talavera; outside city bounds),15.5735,120.9206,node/13362959949,,,false,false,7,true,2026-10-09,needs review
kf-ne-pacific,kfc,KFC NE Pacific Mall,15.4606,120.9478,node/1321201234,,,false,false,7,true,2026-10-09,needs review
kf-burgos,kfc,KFC Burgos Ave area,15.4882,120.9677,node/1328544461,,,false,false,7,true,2026-10-09,needs review
kf-maharlika,kfc,KFC Maharlika Hwy,15.4642,120.9530,way/1067285802,,,false,false,7,true,2026-10-09,needs review
gl-ne-pacific,goldilocks,Goldilocks NE Pacific Mall,15.4708,120.9556,node/9799558780,,,false,false,7,true,2026-10-09,needs review
gl-bake-shop,goldilocks,Goldilocks Bake Shop (downtown),15.4881,120.9623,node/5803178454,,,false,false,7,true,2026-10-09,needs review
gl-sta-rosa,goldilocks,Goldilocks (Santa Rosa; outside city bounds),15.4255,120.9380,node/9802191626,,,false,false,7,true,2026-10-09,needs review
gl-talavera,goldilocks,Goldilocks (Talavera; outside city bounds),15.5847,120.9198,way/237819754,,,false,false,7,true,2026-10-09,needs review
gw-ne-pacific,greenwich,Greenwich NE Pacific Mall,15.4608,120.9483,node/1313612624,,,false,false,7,true,2026-10-09,needs review
sh-ne-pacific,shakeys,Shakey's NE Pacific Mall,15.4598,120.9502,node/1438861706,,,false,false,7,true,2026-10-09,needs review
