id,chain,name,price,category,desc,includes,serves,tags,protein,contains_pork,spicy,fill_score,prep_minutes,food_type,breakfast_only,source_url,price_date,label_status
mi-paa-large-1-rice,mang-inasal,Paa Large 1 Rice,139,meal,Grilled chicken leg quarter (paa) inasal with one rice,"Paa large inasal, 1 rice",1,chicken|grilled|rice|inasal,chicken,false,false,3,10,chicken,false,https://www.manginasal.ph/news/menu-and-prices,2026-10-09,verified
mi-paa-large-1-rice-vm,mang-inasal,Paa Large 1 Rice Value Meal,170,meal,Paa large inasal with rice; value meal bundle,"Paa large inasal, 1 rice",1,chicken|grilled|rice|inasal,chicken,false,false,4,10,chicken,false,https://www.manginasal.ph/news/menu-and-prices,2026-10-09,verified
mi-paa-large-unli-rice,mang-inasal,Paa Large Unli Rice,179,meal,Paa large inasal with unlimited rice,"Paa large inasal, unli rice",1,chicken|grilled|rice|unli-rice|inasal,chicken,false,false,4,10,chicken,false,https://www.manginasal.ph/news/menu-and-prices,2026-10-09,verified
mi-paa-large-unli-rice-vm,mang-inasal,Paa Large Unli Rice Value Meal,210,meal,Paa large inasal with unlimited rice; value meal bundle,"Paa large inasal, unli rice",1,chicken|grilled|rice|unli-rice|inasal,chicken,false,false,4,10,chicken,false,https://www.manginasal.ph/news/menu-and-prices,2026-10-09,verified
mi-spicy-paa-large-1-rice,mang-inasal,Spicy Paa Large 1 Rice,154,meal,Spicy grilled chicken leg quarter inasal with one rice,"Spicy paa large inasal, 1 rice",1,chicken|grilled|rice|inasal,chicken,false,true,3,10,chicken,false,https://www.manginasal.ph/news/menu-and-prices,2026-10-09,verified
mi-spicy-paa-large-unli,mang-inasal,Spicy Paa Large Unli Rice,194,meal,Spicy paa large inasal with unlimited rice,"Spicy paa large inasal, unli rice",1,chicken|grilled|rice|unli-rice|inasal,chicken,false,true,4,10,chicken,false,https://www.manginasal.ph/news/menu-and-prices,2026-10-09,verified
mi-pecho-large-1-rice,mang-inasal,Pecho Large 1 Rice,169,meal,Grilled chicken breast (pecho) inasal with one rice,"Pecho large inasal, 1 rice",1,chicken|grilled|rice|inasal,chicken,false,false,4,10,chicken,false,https://www.manginasal.ph/news/menu-and-prices,2026-10-09,verified
mi-pecho-large-unli-rice,mang-inasal,Pecho Large Unli Rice,209,meal,Pecho large inasal with unlimited rice,"Pecho large inasal, unli rice",1,chicken|grilled|rice|unli-rice|inasal,chicken,false,false,4,10,chicken,false,https://www.manginasal.ph/news/menu-and-prices,2026-10-09,verified
mi-spicy-pecho-large-1-rice,mang-inasal,Spicy Pecho Large 1 Rice,184,meal,Spicy grilled chicken breast inasal with one rice,"Spicy pecho large inasal, 1 rice",1,chicken|grilled|rice|inasal,chicken,false,true,4,10,chicken,false,https://www.manginasal.ph/news/menu-and-prices,2026-10-09,verified
mi-regular-chicken-1-rice,mang-inasal,Regular Chicken 1 Rice,99,meal,Regular chicken inasal with one rice,"Regular chicken inasal, 1 rice",1,chicken|grilled|rice|inasal,chicken,false,false,3,8,chicken,false,https://www.manginasal.ph/news/menu-and-prices,2026-10-09,verified
mi-regular-chicken-1-rice-vm,mang-inasal,Regular Chicken 1 Rice Value Meal,134,meal,Regular chicken inasal with rice; value meal bundle,"Regular chicken inasal, 1 rice",1,chicken|grilled|rice|inasal,chicken,false,false,3,8,chicken,false,https://www.manginasal.ph/news/menu-and-prices,2026-10-09,verified
mi-regular-chicken-unli-rice,mang-inasal,Regular Chicken Unli Rice,139,meal,Regular chicken inasal with unlimited rice,"Regular chicken inasal, unli rice",1,chicken|grilled|rice|unli-rice|inasal,chicken,false,false,4,8,chicken,false,https://www.manginasal.ph/news/menu-and-prices,2026-10-09,verified
mi-pork-bbq-1pc-ala-carte,mang-inasal,1pc Pork BBQ Ala Carte,50,main,One grilled pork barbecue skewer,1pc pork BBQ skewer,1,bbq|grilled|pork,pork,true,false,2,8,snack,false,https://www.manginasal.ph/news/menu-and-prices,2026-10-09,verified
mi-pork-bbq-1pc-vinegar-solo,mang-inasal,1pc Pork BBQ With Vinegar Solo,59,main,One pork BBQ skewer with vinegar dip,"1pc pork BBQ skewer, vinegar",1,bbq|grilled|pork,pork,true,false,2,8,snack,false,https://www.manginasal.ph/news/menu-and-prices,2026-10-09,verified
mi-pork-bbq-2pc-value-meal,mang-inasal,2pc Pork BBQ Value Meal,134,meal,Two pork BBQ skewers; value meal with rice,"2pc pork BBQ, rice",1,bbq|grilled|pork|rice,pork,true,false,3,8,rice meal,false,https://www.manginasal.ph/news/menu-and-prices,2026-10-09,verified
mi-pork-bbq-2pc-ur-solo,mang-inasal,2pc Pork BBQ UR Solo,139,meal,Two pork BBQ skewers with unlimited rice,"2pc pork BBQ, unli rice",1,bbq|grilled|pork|rice|unli-rice,pork,true,false,4,8,rice meal,false,https://www.manginasal.ph/news/menu-and-prices,2026-10-09,verified
mi-pork-bbq-peanut-java,mang-inasal,2pc Pork BBQ With Peanut Sauce & Java Rice,135,meal,Two pork BBQ skewers with peanut sauce and java rice,"2pc pork BBQ, peanut sauce, java rice",1,bbq|grilled|pork|rice,pork,true,false,3,8,rice meal,false,https://www.manginasal.ph/news/menu-and-prices,2026-10-09,verified
mi-spicy-pork-bbq-1pc,mang-inasal,1pc Spicy Pork BBQ Ala Carte,55,main,One spicy grilled pork barbecue skewer,1pc spicy pork BBQ skewer,1,bbq|grilled|pork,pork,true,true,2,8,snack,false,https://www.manginasal.ph/news/menu-and-prices,2026-10-09,verified
mi-chicken-bbq-1pc-ala-carte,mang-inasal,1pc Chicken BBQ Ala Carte,50,main,One grilled chicken barbecue skewer,1pc chicken BBQ skewer,1,chicken|bbq|grilled,chicken,false,false,2,8,snack,false,https://www.manginasal.ph/news/menu-and-prices,2026-10-09,verified
mi-chicken-bbq-2pc-value-meal,mang-inasal,2pc Chicken BBQ Value Meal,134,meal,Two chicken BBQ skewers; value meal with rice,"2pc chicken BBQ, rice",1,chicken|bbq|grilled|rice,chicken,false,false,3,8,rice meal,false,https://www.manginasal.ph/news/menu-and-prices,2026-10-09,verified
mi-liempo-inasal-1-rice,mang-inasal,Liempo Inasal 1 Rice,135,meal,Grilled pork belly (liempo) inasal with one rice,"Liempo inasal, 1 rice",1,grilled|pork|rice|inasal,pork,true,false,4,10,rice meal,false,https://www.manginasal.ph/news/menu-and-prices,2026-10-09,verified
mi-liempo-inasal-unli-rice,mang-inasal,Liempo Inasal Unli Rice,175,meal,Grilled pork belly inasal with unlimited rice,"Liempo inasal, unli rice",1,grilled|pork|rice|unli-rice|inasal,pork,true,false,4,10,rice meal,false,https://www.manginasal.ph/news/menu-and-prices,2026-10-09,verified
mi-pork-sisig-1-rice,mang-inasal,Pork Sisig 1 Rice,105,meal,Sizzling pork sisig with one rice,"Pork sisig, 1 rice",1,sisig|sizzling|pork|rice,pork,true,false,3,10,sisig,false,https://www.manginasal.ph/news/menu-and-prices,2026-10-09,verified
mi-chicken-sisig-1-rice,mang-inasal,Chicken Sisig 1 Rice,105,meal,Sizzling chicken sisig with one rice,"Chicken sisig, 1 rice",1,sisig|sizzling|chicken|rice,chicken,false,false,3,10,sisig,false,https://www.manginasal.ph/news/menu-and-prices,2026-10-09,verified
mi-bangus-sisig-1-rice,mang-inasal,Bangus Sisig 1 Rice,135,meal,Sizzling milkfish (bangus) sisig with one rice,"Bangus sisig, 1 rice",1,sisig|sizzling|fish|rice|bangus,fish,false,false,3,10,sisig,false,https://www.manginasal.ph/news/menu-and-prices,2026-10-09,verified
mi-lumpiang-togue-1pc,mang-inasal,Lumpiang Togue 1pc,29,side,One fried vegetable spring roll,1pc lumpiang togue,1,fried|dumpling,none,unknown,false,1,5,snack,false,https://www.manginasal.ph/news/menu-and-prices,2026-10-09,verified
mi-palabok-solo,mang-inasal,Palabok Solo,89,meal,Palabok noodles; solo serving,Palabok noodles,1,palabok|noodles|shrimp,mixed,unknown,false,3,6,noodles,false,https://www.manginasal.ph/news/menu-and-prices,2026-10-09,verified
mi-palabok-value-meal,mang-inasal,Palabok Value Meal,124,meal,Palabok noodles; value meal bundle,Palabok noodles,1,palabok|noodles|shrimp,mixed,unknown,false,3,6,noodles,false,https://www.manginasal.ph/news/menu-and-prices,2026-10-09,verified
mi-chicken-palabok-solo,mang-inasal,Chicken Palabok Solo,89,meal,Palabok noodles with chicken; solo serving,Chicken palabok noodles,1,palabok|noodles|chicken,chicken,false,false,3,6,noodles,false,https://www.manginasal.ph/news/menu-and-prices,2026-10-09,verified
mi-halo-halo-small,mang-inasal,Halo-Halo 12oz Small,75,dessert,Halo-halo shaved ice dessert; 12oz,12oz halo-halo,1,halo-halo|dessert|sweet|ice cream,none,false,false,1,4,dessert,false,https://www.manginasal.ph/news/menu-and-prices,2026-10-09,verified
mi-halo-halo-regular,mang-inasal,Halo-Halo 16oz Regular,95,dessert,Halo-halo shaved ice dessert; 16oz,16oz halo-halo,1,halo-halo|dessert|sweet|ice cream,none,false,false,2,4,dessert,false,https://www.manginasal.ph/news/menu-and-prices,2026-10-09,verified
mi-halo-halo-extra-creamy-8oz,mang-inasal,Halo-Halo Extra Creamy 8oz,39,dessert,Halo-halo shaved ice dessert; extra creamy 8oz,8oz halo-halo,1,halo-halo|dessert|sweet|ice cream,none,false,false,1,4,dessert,false,https://www.manginasal.ph/news/menu-and-prices,2026-10-09,verified
mi-solo-fiesta-paa-1-rice,mang-inasal,Solo Fiesta Paa 1 Rice,224,meal,Solo fiesta plate with paa inasal and one rice,"Paa inasal, sides, 1 rice",1,chicken|grilled|rice|inasal,chicken,false,false,5,12,chicken,false,https://www.manginasal.ph/news/menu-and-prices,2026-10-09,verified
mi-solo-fiesta-paa-unli-rice,mang-inasal,Solo Fiesta Paa Unli Rice,274,meal,Solo fiesta plate with paa inasal and unlimited rice,"Paa inasal, sides, unli rice",1,chicken|grilled|rice|unli-rice|inasal,chicken,false,false,5,12,chicken,false,https://www.manginasal.ph/news/menu-and-prices,2026-10-09,verified
mi-solo-fiesta-pecho-pork-bbq,mang-inasal,Solo Fiesta Pecho + Pork BBQ,284,meal,Solo fiesta plate with pecho inasal and pork BBQ,"Pecho inasal, pork BBQ, sides, rice",1,chicken|grilled|bbq|pork|rice|inasal,mixed,true,false,5,12,chicken,false,https://www.manginasal.ph/news/menu-and-prices,2026-10-09,verified
mi-almusolb-chicken-inasal,mang-inasal,Breakfast Almusolb Chicken Inasal,139,meal,Breakfast meal with chicken inasal,"Chicken inasal, breakfast sides",1,chicken|grilled|rice|inasal|breakfast,chicken,false,false,3,8,chicken,true,https://www.manginasal.ph/news/menu-and-prices,2026-10-09,verified
mi-almusolb-pork-bbq,mang-inasal,Breakfast Almusolb Pork BBQ,139,meal,Breakfast meal with pork BBQ,"Pork BBQ, breakfast sides",1,bbq|grilled|pork|rice|breakfast,pork,true,false,3,8,rice meal,true,https://www.manginasal.ph/news/menu-and-prices,2026-10-09,verified
mi-almusolb-pork-sisig,mang-inasal,Breakfast Almusolb Pork Sisig,139,meal,Breakfast meal with pork sisig,"Pork sisig, breakfast sides",1,sisig|sizzling|pork|rice|breakfast,pork,true,false,3,8,sisig,true,https://www.manginasal.ph/news/menu-and-prices,2026-10-09,verified
mi-almusolb-chicken-bbq,mang-inasal,Breakfast Almusolb Chicken BBQ,139,meal,Breakfast meal with chicken BBQ,"Chicken BBQ, breakfast sides",1,chicken|bbq|grilled|rice|breakfast,chicken,false,false,3,8,rice meal,true,https://www.manginasal.ph/news/menu-and-prices,2026-10-09,verified
mi-sulitbowl-soy-garlic-chicken,mang-inasal,Sulitbowls Soy Garlic Chicken Rice Bowl,89,meal,Soy garlic chicken rice bowl,Soy garlic chicken rice bowl,1,chicken|rice,chicken,false,false,3,6,rice meal,false,https://www.manginasal.ph/news/menu-and-prices,2026-10-09,verified
mi-sulitbowl-pork-sisig,mang-inasal,Sulitbowls Pork Sisig Rice Bowl,89,meal,Pork sisig rice bowl,Pork sisig rice bowl,1,sisig|pork|rice,pork,true,false,3,6,sisig,false,https://www.manginasal.ph/news/menu-and-prices,2026-10-09,verified
mi-combo-paa-halo-halo,mang-inasal,Ihaw-sarap Combo Paa Large + Halo Halo,194,meal,Paa large inasal combo with halo-halo,"Paa large inasal, halo-halo",1,chicken|grilled|rice|inasal|halo-halo,chicken,false,false,4,12,chicken,false,https://www.manginasal.ph/news/menu-and-prices,2026-10-09,verified
mi-combo-pecho-halo-halo,mang-inasal,Ihaw-sarap Combo Pecho Large + Halo Halo,224,meal,Pecho large inasal combo with halo-halo,"Pecho large inasal, halo-halo",1,chicken|grilled|rice|inasal|halo-halo,chicken,false,false,4,12,chicken,false,https://www.manginasal.ph/news/menu-and-prices,2026-10-09,verified
